,OA,LSOA,ward,MSOA,council,outer/inner
16455,E00023412,E05000630,Abbey Road,E09000033,Westminster,Inner London
16456,E00023418,E05000630,Abbey Road,E09000033,Westminster,Inner London
16457,E00023432,E05000630,Abbey Road,E09000033,Westminster,Inner London
16458,E00023433,E05000630,Abbey Road,E09000033,Westminster,Inner London
16459,E00023436,E05000630,Abbey Road,E09000033,Westminster,Inner London
16460,E00023437,E05000630,Abbey Road,E09000033,Westminster,Inner London
16461,E00023440,E05000630,Abbey Road,E09000033,Westminster,Inner London
16462,E00023442,E05000630,Abbey Road,E09000033,Westminster,Inner London
16463,E00023443,E05000630,Abbey Road,E09000033,Westminster,Inner London
16464,E00023444,E05000630,Abbey Road,E09000033,Westminster,Inner London
16465,E00023446,E05000630,Abbey Road,E09000033,Westminster,Inner London
16466,E00023449,E05000630,Abbey Road,E09000033,Westminster,Inner London
16467,E00023880,E05000643,Regent's Park,E09000033,Westminster,Inner London
16468,E00023881,E05000643,Regent's Park,E09000033,Westminster,Inner London
16469,E00023885,E05000643,Regent's Park,E09000033,Westminster,Inner London
16470,E00023886,E05000643,Regent's Park,E09000033,Westminster,Inner London
16471,E00023888,E05000643,Regent's Park,E09000033,Westminster,Inner London
16472,E00023889,E05000643,Regent's Park,E09000033,Westminster,Inner London
16473,E00023890,E05000643,Regent's Park,E09000033,Westminster,Inner London
16474,E00023893,E05000643,Regent's Park,E09000033,Westminster,Inner London
16475,E00023894,E05000643,Regent's Park,E09000033,Westminster,Inner London
16476,E00023922,E05000643,Regent's Park,E09000033,Westminster,Inner London
16477,E00023923,E05000643,Regent's Park,E09000033,Westminster,Inner London
16478,E00023924,E05000643,Regent's Park,E09000033,Westminster,Inner London
16479,E00023925,E05000643,Regent's Park,E09000033,Westminster,Inner London
16480,E00023413,E05000630,Abbey Road,E09000033,Westminster,Inner London
16481,E00023415,E05000630,Abbey Road,E09000033,Westminster,Inner London
16482,E00023419,E05000630,Abbey Road,E09000033,Westminster,Inner London
16483,E00023422,E05000630,Abbey Road,E09000033,Westminster,Inner London
16484,E00023426,E05000630,Abbey Road,E09000033,Westminster,Inner London
16485,E00023427,E05000630,Abbey Road,E09000033,Westminster,Inner London
16486,E00023429,E05000630,Abbey Road,E09000033,Westminster,Inner London
16487,E00023430,E05000630,Abbey Road,E09000033,Westminster,Inner London
16488,E00023431,E05000630,Abbey Road,E09000033,Westminster,Inner London
16489,E00023434,E05000630,Abbey Road,E09000033,Westminster,Inner London
16490,E00023435,E05000630,Abbey Road,E09000033,Westminster,Inner London
16491,E00023438,E05000630,Abbey Road,E09000033,Westminster,Inner London
16492,E00023439,E05000630,Abbey Road,E09000033,Westminster,Inner London
16493,E00023441,E05000630,Abbey Road,E09000033,Westminster,Inner London
16494,E00023445,E05000630,Abbey Road,E09000033,Westminster,Inner London
16495,E00023447,E05000630,Abbey Road,E09000033,Westminster,Inner London
16496,E00023448,E05000630,Abbey Road,E09000033,Westminster,Inner London
16497,E00023774,E05000640,Maida Vale,E09000033,Westminster,Inner London
16498,E00023787,E05000640,Maida Vale,E09000033,Westminster,Inner London
16499,E00023788,E05000640,Maida Vale,E09000033,Westminster,Inner London
16500,E00023789,E05000640,Maida Vale,E09000033,Westminster,Inner London
16501,E00023790,E05000640,Maida Vale,E09000033,Westminster,Inner London
16502,E00023791,E05000640,Maida Vale,E09000033,Westminster,Inner London
16503,E00023792,E05000640,Maida Vale,E09000033,Westminster,Inner London
16504,E00023793,E05000640,Maida Vale,E09000033,Westminster,Inner London
16505,E00023794,E05000640,Maida Vale,E09000033,Westminster,Inner London
16506,E00023795,E05000640,Maida Vale,E09000033,Westminster,Inner London
16507,E00023796,E05000640,Maida Vale,E09000033,Westminster,Inner London
16508,E00023414,E05000630,Abbey Road,E09000033,Westminster,Inner London
16509,E00023416,E05000630,Abbey Road,E09000033,Westminster,Inner London
16510,E00023421,E05000630,Abbey Road,E09000033,Westminster,Inner London
16511,E00023423,E05000630,Abbey Road,E09000033,Westminster,Inner London
16512,E00023424,E05000630,Abbey Road,E09000033,Westminster,Inner London
16513,E00023425,E05000630,Abbey Road,E09000033,Westminster,Inner London
16514,E00023428,E05000630,Abbey Road,E09000033,Westminster,Inner London
16515,E00023882,E05000643,Regent's Park,E09000033,Westminster,Inner London
16516,E00023883,E05000643,Regent's Park,E09000033,Westminster,Inner London
16517,E00023887,E05000643,Regent's Park,E09000033,Westminster,Inner London
16518,E00023891,E05000643,Regent's Park,E09000033,Westminster,Inner London
16519,E00023892,E05000643,Regent's Park,E09000033,Westminster,Inner London
16520,E00023895,E05000643,Regent's Park,E09000033,Westminster,Inner London
16521,E00023896,E05000643,Regent's Park,E09000033,Westminster,Inner London
16522,E00023897,E05000643,Regent's Park,E09000033,Westminster,Inner London
16523,E00023898,E05000643,Regent's Park,E09000033,Westminster,Inner London
16524,E00023899,E05000643,Regent's Park,E09000033,Westminster,Inner London
16525,E00023900,E05000643,Regent's Park,E09000033,Westminster,Inner London
16526,E00023901,E05000643,Regent's Park,E09000033,Westminster,Inner London
16527,E00023902,E05000643,Regent's Park,E09000033,Westminster,Inner London
16528,E00023903,E05000643,Regent's Park,E09000033,Westminster,Inner London
16529,E00023905,E05000643,Regent's Park,E09000033,Westminster,Inner London
16530,E00023906,E05000643,Regent's Park,E09000033,Westminster,Inner London
16531,E00023907,E05000643,Regent's Park,E09000033,Westminster,Inner London
16532,E00023908,E05000643,Regent's Park,E09000033,Westminster,Inner London
16533,E00023909,E05000643,Regent's Park,E09000033,Westminster,Inner London
16534,E00023910,E05000643,Regent's Park,E09000033,Westminster,Inner London
16535,E00023911,E05000643,Regent's Park,E09000033,Westminster,Inner London
16536,E00023912,E05000643,Regent's Park,E09000033,Westminster,Inner London
16537,E00023913,E05000643,Regent's Park,E09000033,Westminster,Inner London
16538,E00023914,E05000643,Regent's Park,E09000033,Westminster,Inner London
16539,E00023917,E05000643,Regent's Park,E09000033,Westminster,Inner London
16540,E00023918,E05000643,Regent's Park,E09000033,Westminster,Inner London
16541,E00175242,E05000630,Abbey Road,E09000033,Westminster,Inner London
16542,E00023849,E05000642,Queen's Park,E09000033,Westminster,Inner London
16543,E00023851,E05000642,Queen's Park,E09000033,Westminster,Inner London
16544,E00023852,E05000642,Queen's Park,E09000033,Westminster,Inner London
16545,E00023853,E05000642,Queen's Park,E09000033,Westminster,Inner London
16546,E00023854,E05000642,Queen's Park,E09000033,Westminster,Inner London
16547,E00023855,E05000642,Queen's Park,E09000033,Westminster,Inner London
16548,E00023856,E05000642,Queen's Park,E09000033,Westminster,Inner London
16549,E00023857,E05000642,Queen's Park,E09000033,Westminster,Inner London
16550,E00023858,E05000642,Queen's Park,E09000033,Westminster,Inner London
16551,E00023860,E05000642,Queen's Park,E09000033,Westminster,Inner London
16552,E00023861,E05000642,Queen's Park,E09000033,Westminster,Inner London
16553,E00023862,E05000642,Queen's Park,E09000033,Westminster,Inner London
16554,E00023863,E05000642,Queen's Park,E09000033,Westminster,Inner London
16555,E00023864,E05000642,Queen's Park,E09000033,Westminster,Inner London
16556,E00023865,E05000642,Queen's Park,E09000033,Westminster,Inner London
16557,E00023866,E05000642,Queen's Park,E09000033,Westminster,Inner London
16558,E00023867,E05000642,Queen's Park,E09000033,Westminster,Inner London
16559,E00023872,E05000642,Queen's Park,E09000033,Westminster,Inner London
16560,E00023873,E05000642,Queen's Park,E09000033,Westminster,Inner London
16561,E00023874,E05000642,Queen's Park,E09000033,Westminster,Inner London
16562,E00023875,E05000642,Queen's Park,E09000033,Westminster,Inner London
16563,E00023876,E05000642,Queen's Park,E09000033,Westminster,Inner London
16564,E00023877,E05000642,Queen's Park,E09000033,Westminster,Inner London
16565,E00023878,E05000642,Queen's Park,E09000033,Westminster,Inner London
16566,E00023879,E05000642,Queen's Park,E09000033,Westminster,Inner London
16567,E00175260,E05000642,Queen's Park,E09000033,Westminster,Inner London
16568,E00175261,E05000642,Queen's Park,E09000033,Westminster,Inner London
16569,E00175262,E05000642,Queen's Park,E09000033,Westminster,Inner London
16570,E00023585,E05000635,Harrow Road,E09000033,Westminster,Inner London
16571,E00023586,E05000635,Harrow Road,E09000033,Westminster,Inner London
16572,E00023587,E05000635,Harrow Road,E09000033,Westminster,Inner London
16573,E00023588,E05000635,Harrow Road,E09000033,Westminster,Inner London
16574,E00023589,E05000635,Harrow Road,E09000033,Westminster,Inner London
16575,E00023590,E05000635,Harrow Road,E09000033,Westminster,Inner London
16576,E00023591,E05000635,Harrow Road,E09000033,Westminster,Inner London
16577,E00023592,E05000635,Harrow Road,E09000033,Westminster,Inner London
16578,E00023593,E05000635,Harrow Road,E09000033,Westminster,Inner London
16579,E00023595,E05000635,Harrow Road,E09000033,Westminster,Inner London
16580,E00023596,E05000635,Harrow Road,E09000033,Westminster,Inner London
16581,E00023597,E05000635,Harrow Road,E09000033,Westminster,Inner London
16582,E00023598,E05000635,Harrow Road,E09000033,Westminster,Inner London
16583,E00023599,E05000635,Harrow Road,E09000033,Westminster,Inner London
16584,E00023601,E05000635,Harrow Road,E09000033,Westminster,Inner London
16585,E00023603,E05000635,Harrow Road,E09000033,Westminster,Inner London
16586,E00023604,E05000635,Harrow Road,E09000033,Westminster,Inner London
16587,E00023606,E05000635,Harrow Road,E09000033,Westminster,Inner London
16588,E00023610,E05000635,Harrow Road,E09000033,Westminster,Inner London
16589,E00023611,E05000635,Harrow Road,E09000033,Westminster,Inner London
16590,E00023612,E05000635,Harrow Road,E09000033,Westminster,Inner London
16591,E00023613,E05000635,Harrow Road,E09000033,Westminster,Inner London
16592,E00023615,E05000635,Harrow Road,E09000033,Westminster,Inner London
16593,E00023616,E05000635,Harrow Road,E09000033,Westminster,Inner London
16594,E00023859,E05000642,Queen's Park,E09000033,Westminster,Inner London
16595,E00023869,E05000642,Queen's Park,E09000033,Westminster,Inner London
16596,E00023870,E05000642,Queen's Park,E09000033,Westminster,Inner London
16597,E00023871,E05000642,Queen's Park,E09000033,Westminster,Inner London
16598,E00175232,E05000635,Harrow Road,E09000033,Westminster,Inner London
16599,E00175233,E05000642,Queen's Park,E09000033,Westminster,Inner London
16600,E00175234,E05000635,Harrow Road,E09000033,Westminster,Inner London
16601,E00175235,E05000642,Queen's Park,E09000033,Westminster,Inner London
16602,E00175236,E05000635,Harrow Road,E09000033,Westminster,Inner London
16603,E00175237,E05000635,Harrow Road,E09000033,Westminster,Inner London
16604,E00175238,E05000635,Harrow Road,E09000033,Westminster,Inner London
16605,E00023600,E05000635,Harrow Road,E09000033,Westminster,Inner London
16606,E00023602,E05000635,Harrow Road,E09000033,Westminster,Inner London
16607,E00023605,E05000635,Harrow Road,E09000033,Westminster,Inner London
16608,E00023608,E05000635,Harrow Road,E09000033,Westminster,Inner London
16609,E00023609,E05000635,Harrow Road,E09000033,Westminster,Inner London
16610,E00023614,E05000635,Harrow Road,E09000033,Westminster,Inner London
16611,E00023777,E05000640,Maida Vale,E09000033,Westminster,Inner London
16612,E00023779,E05000640,Maida Vale,E09000033,Westminster,Inner London
16613,E00023780,E05000640,Maida Vale,E09000033,Westminster,Inner London
16614,E00023781,E05000640,Maida Vale,E09000033,Westminster,Inner London
16615,E00023782,E05000640,Maida Vale,E09000033,Westminster,Inner London
16616,E00023783,E05000640,Maida Vale,E09000033,Westminster,Inner London
16617,E00023784,E05000640,Maida Vale,E09000033,Westminster,Inner London
16618,E00023785,E05000640,Maida Vale,E09000033,Westminster,Inner London
16619,E00023786,E05000640,Maida Vale,E09000033,Westminster,Inner London
16620,E00023797,E05000640,Maida Vale,E09000033,Westminster,Inner London
16621,E00023802,E05000640,Maida Vale,E09000033,Westminster,Inner London
16622,E00023803,E05000640,Maida Vale,E09000033,Westminster,Inner London
16623,E00023804,E05000640,Maida Vale,E09000033,Westminster,Inner London
16624,E00023805,E05000640,Maida Vale,E09000033,Westminster,Inner London
16625,E00023806,E05000640,Maida Vale,E09000033,Westminster,Inner London
16626,E00023807,E05000640,Maida Vale,E09000033,Westminster,Inner London
16627,E00023808,E05000640,Maida Vale,E09000033,Westminster,Inner London
16628,E00023809,E05000640,Maida Vale,E09000033,Westminster,Inner London
16629,E00023810,E05000640,Maida Vale,E09000033,Westminster,Inner London
16630,E00024087,E05000648,Westbourne,E09000033,Westminster,Inner London
16631,E00024088,E05000648,Westbourne,E09000033,Westminster,Inner London
16632,E00024090,E05000648,Westbourne,E09000033,Westminster,Inner London
16633,E00024093,E05000648,Westbourne,E09000033,Westminster,Inner London
16634,E00024094,E05000648,Westbourne,E09000033,Westminster,Inner London
16635,E00024095,E05000648,Westbourne,E09000033,Westminster,Inner London
16636,E00023744,E05000639,Little Venice,E09000033,Westminster,Inner London
16637,E00023745,E05000639,Little Venice,E09000033,Westminster,Inner London
16638,E00023746,E05000639,Little Venice,E09000033,Westminster,Inner London
16639,E00023747,E05000639,Little Venice,E09000033,Westminster,Inner London
16640,E00023748,E05000639,Little Venice,E09000033,Westminster,Inner London
16641,E00023749,E05000639,Little Venice,E09000033,Westminster,Inner London
16642,E00023750,E05000639,Little Venice,E09000033,Westminster,Inner London
16643,E00023751,E05000639,Little Venice,E09000033,Westminster,Inner London
16644,E00023752,E05000639,Little Venice,E09000033,Westminster,Inner London
16645,E00023753,E05000639,Little Venice,E09000033,Westminster,Inner London
16646,E00023755,E05000639,Little Venice,E09000033,Westminster,Inner London
16647,E00023758,E05000639,Little Venice,E09000033,Westminster,Inner London
16648,E00023759,E05000639,Little Venice,E09000033,Westminster,Inner London
16649,E00023761,E05000639,Little Venice,E09000033,Westminster,Inner London
16650,E00023765,E05000639,Little Venice,E09000033,Westminster,Inner London
16651,E00023766,E05000639,Little Venice,E09000033,Westminster,Inner London
16652,E00023767,E05000639,Little Venice,E09000033,Westminster,Inner London
16653,E00023768,E05000639,Little Venice,E09000033,Westminster,Inner London
16654,E00023769,E05000639,Little Venice,E09000033,Westminster,Inner London
16655,E00023770,E05000639,Little Venice,E09000033,Westminster,Inner London
16656,E00023771,E05000639,Little Venice,E09000033,Westminster,Inner London
16657,E00023772,E05000639,Little Venice,E09000033,Westminster,Inner London
16658,E00023773,E05000639,Little Venice,E09000033,Westminster,Inner London
16659,E00023775,E05000640,Maida Vale,E09000033,Westminster,Inner London
16660,E00023776,E05000640,Maida Vale,E09000033,Westminster,Inner London
16661,E00023778,E05000640,Maida Vale,E09000033,Westminster,Inner London
16662,E00023798,E05000640,Maida Vale,E09000033,Westminster,Inner London
16663,E00023799,E05000640,Maida Vale,E09000033,Westminster,Inner London
16664,E00023800,E05000640,Maida Vale,E09000033,Westminster,Inner London
16665,E00023801,E05000640,Maida Vale,E09000033,Westminster,Inner London
16666,E00175243,E05000639,Little Venice,E09000033,Westminster,Inner London
16667,E00175244,E05000639,Little Venice,E09000033,Westminster,Inner London
16668,E00175245,E05000639,Little Venice,E09000033,Westminster,Inner London
16669,E00175246,E05000639,Little Venice,E09000033,Westminster,Inner London
16670,E00175247,E05000639,Little Venice,E09000033,Westminster,Inner London
16671,E00175259,E05000639,Little Venice,E09000033,Westminster,Inner London
16672,E00175264,E05000639,Little Venice,E09000033,Westminster,Inner London
16673,E00023511,E05000632,Bryanston and Dorset Square,E09000033,Westminster,Inner London
16674,E00023512,E05000632,Bryanston and Dorset Square,E09000033,Westminster,Inner London
16675,E00023513,E05000632,Bryanston and Dorset Square,E09000033,Westminster,Inner London
16676,E00023514,E05000632,Bryanston and Dorset Square,E09000033,Westminster,Inner London
16677,E00023516,E05000632,Bryanston and Dorset Square,E09000033,Westminster,Inner London
16678,E00023517,E05000632,Bryanston and Dorset Square,E09000033,Westminster,Inner London
16679,E00023518,E05000632,Bryanston and Dorset Square,E09000033,Westminster,Inner London
16680,E00023519,E05000632,Bryanston and Dorset Square,E09000033,Westminster,Inner London
16681,E00023520,E05000632,Bryanston and Dorset Square,E09000033,Westminster,Inner London
16682,E00023521,E05000632,Bryanston and Dorset Square,E09000033,Westminster,Inner London
16683,E00023522,E05000632,Bryanston and Dorset Square,E09000033,Westminster,Inner London
16684,E00023524,E05000632,Bryanston and Dorset Square,E09000033,Westminster,Inner London
16685,E00023526,E05000632,Bryanston and Dorset Square,E09000033,Westminster,Inner London
16686,E00023813,E05000641,Marylebone High Street,E09000033,Westminster,Inner London
16687,E00023815,E05000641,Marylebone High Street,E09000033,Westminster,Inner London
16688,E00023822,E05000641,Marylebone High Street,E09000033,Westminster,Inner London
16689,E00023828,E05000641,Marylebone High Street,E09000033,Westminster,Inner London
16690,E00023830,E05000641,Marylebone High Street,E09000033,Westminster,Inner London
16691,E00023836,E05000641,Marylebone High Street,E09000033,Westminster,Inner London
16692,E00023884,E05000643,Regent's Park,E09000033,Westminster,Inner London
16693,E00023904,E05000643,Regent's Park,E09000033,Westminster,Inner London
16694,E00023916,E05000643,Regent's Park,E09000033,Westminster,Inner London
16695,E00023919,E05000643,Regent's Park,E09000033,Westminster,Inner London
16696,E00023920,E05000643,Regent's Park,E09000033,Westminster,Inner London
16697,E00023921,E05000643,Regent's Park,E09000033,Westminster,Inner London
16698,E00175210,E05000643,Regent's Park,E09000033,Westminster,Inner London
16699,E00175211,E05000643,Regent's Park,E09000033,Westminster,Inner London
16700,E00023564,E05000634,Church Street,E09000033,Westminster,Inner London
16701,E00023565,E05000634,Church Street,E09000033,Westminster,Inner London
16702,E00023566,E05000634,Church Street,E09000033,Westminster,Inner London
16703,E00023567,E05000634,Church Street,E09000033,Westminster,Inner London
16704,E00023569,E05000634,Church Street,E09000033,Westminster,Inner London
16705,E00023570,E05000634,Church Street,E09000033,Westminster,Inner London
16706,E00023571,E05000634,Church Street,E09000033,Westminster,Inner London
16707,E00023572,E05000634,Church Street,E09000033,Westminster,Inner London
16708,E00023573,E05000634,Church Street,E09000033,Westminster,Inner London
16709,E00023574,E05000634,Church Street,E09000033,Westminster,Inner London
16710,E00023575,E05000634,Church Street,E09000033,Westminster,Inner London
16711,E00023576,E05000634,Church Street,E09000033,Westminster,Inner London
16712,E00023577,E05000634,Church Street,E09000033,Westminster,Inner London
16713,E00023578,E05000634,Church Street,E09000033,Westminster,Inner London
16714,E00023579,E05000634,Church Street,E09000033,Westminster,Inner London
16715,E00023580,E05000634,Church Street,E09000033,Westminster,Inner London
16716,E00023581,E05000634,Church Street,E09000033,Westminster,Inner London
16717,E00023754,E05000639,Little Venice,E09000033,Westminster,Inner London
16718,E00023756,E05000639,Little Venice,E09000033,Westminster,Inner London
16719,E00023757,E05000639,Little Venice,E09000033,Westminster,Inner London
16720,E00023760,E05000639,Little Venice,E09000033,Westminster,Inner London
16721,E00023762,E05000639,Little Venice,E09000033,Westminster,Inner London
16722,E00023763,E05000639,Little Venice,E09000033,Westminster,Inner London
16723,E00023764,E05000639,Little Venice,E09000033,Westminster,Inner London
16724,E00175220,E05000634,Church Street,E09000033,Westminster,Inner London
16725,E00175221,E05000634,Church Street,E09000033,Westminster,Inner London
16726,E00175263,E05000634,Church Street,E09000033,Westminster,Inner London
16727,E00175265,E05000634,Church Street,E09000033,Westminster,Inner London
16728,E00175266,E05000634,Church Street,E09000033,Westminster,Inner London
16729,E00175267,E05000634,Church Street,E09000033,Westminster,Inner London
16730,E00175268,E05000634,Church Street,E09000033,Westminster,Inner London
16731,E00175269,E05000634,Church Street,E09000033,Westminster,Inner London
16732,E00175270,E05000634,Church Street,E09000033,Westminster,Inner London
16733,E00175271,E05000634,Church Street,E09000033,Westminster,Inner London
16734,E00175272,E05000634,Church Street,E09000033,Westminster,Inner London
16735,E00175273,E05000634,Church Street,E09000033,Westminster,Inner London
16736,E00175274,E05000634,Church Street,E09000033,Westminster,Inner London
16737,E00024072,E05000648,Westbourne,E09000033,Westminster,Inner London
16738,E00024073,E05000648,Westbourne,E09000033,Westminster,Inner London
16739,E00024074,E05000648,Westbourne,E09000033,Westminster,Inner London
16740,E00024075,E05000648,Westbourne,E09000033,Westminster,Inner London
16741,E00024076,E05000648,Westbourne,E09000033,Westminster,Inner London
16742,E00024078,E05000648,Westbourne,E09000033,Westminster,Inner London
16743,E00024079,E05000648,Westbourne,E09000033,Westminster,Inner London
16744,E00024080,E05000648,Westbourne,E09000033,Westminster,Inner London
16745,E00024081,E05000648,Westbourne,E09000033,Westminster,Inner London
16746,E00024089,E05000648,Westbourne,E09000033,Westminster,Inner London
16747,E00024091,E05000648,Westbourne,E09000033,Westminster,Inner London
16748,E00024092,E05000648,Westbourne,E09000033,Westminster,Inner London
16749,E00024096,E05000648,Westbourne,E09000033,Westminster,Inner London
16750,E00024097,E05000648,Westbourne,E09000033,Westminster,Inner London
16751,E00024098,E05000648,Westbourne,E09000033,Westminster,Inner London
16752,E00024099,E05000648,Westbourne,E09000033,Westminster,Inner London
16753,E00024100,E05000648,Westbourne,E09000033,Westminster,Inner London
16754,E00024101,E05000648,Westbourne,E09000033,Westminster,Inner London
16755,E00024103,E05000648,Westbourne,E09000033,Westminster,Inner London
16756,E00024104,E05000648,Westbourne,E09000033,Westminster,Inner London
16757,E00024105,E05000648,Westbourne,E09000033,Westminster,Inner London
16758,E00024106,E05000648,Westbourne,E09000033,Westminster,Inner London
16759,E00024107,E05000648,Westbourne,E09000033,Westminster,Inner London
16760,E00175200,E05000648,Westbourne,E09000033,Westminster,Inner London
16761,E00175201,E05000648,Westbourne,E09000033,Westminster,Inner London
16762,E00175275,E05000648,Westbourne,E09000033,Westminster,Inner London
16763,E00175276,E05000648,Westbourne,E09000033,Westminster,Inner London
16764,E00175277,E05000648,Westbourne,E09000033,Westminster,Inner London
16765,E00175279,E05000648,Westbourne,E09000033,Westminster,Inner London
16766,E00023811,E05000641,Marylebone High Street,E09000033,Westminster,Inner London
16767,E00023816,E05000641,Marylebone High Street,E09000033,Westminster,Inner London
16768,E00023817,E05000641,Marylebone High Street,E09000033,Westminster,Inner London
16769,E00023819,E05000641,Marylebone High Street,E09000033,Westminster,Inner London
16770,E00023820,E05000641,Marylebone High Street,E09000033,Westminster,Inner London
16771,E00023821,E05000641,Marylebone High Street,E09000033,Westminster,Inner London
16772,E00023823,E05000641,Marylebone High Street,E09000033,Westminster,Inner London
16773,E00023825,E05000641,Marylebone High Street,E09000033,Westminster,Inner London
16774,E00023826,E05000641,Marylebone High Street,E09000033,Westminster,Inner London
16775,E00023827,E05000641,Marylebone High Street,E09000033,Westminster,Inner London
16776,E00023829,E05000641,Marylebone High Street,E09000033,Westminster,Inner London
16777,E00023831,E05000641,Marylebone High Street,E09000033,Westminster,Inner London
16778,E00023832,E05000641,Marylebone High Street,E09000033,Westminster,Inner London
16779,E00023833,E05000641,Marylebone High Street,E09000033,Westminster,Inner London
16780,E00023834,E05000641,Marylebone High Street,E09000033,Westminster,Inner London
16781,E00023835,E05000641,Marylebone High Street,E09000033,Westminster,Inner London
16782,E00023837,E05000641,Marylebone High Street,E09000033,Westminster,Inner London
16783,E00023838,E05000641,Marylebone High Street,E09000033,Westminster,Inner London
16784,E00023839,E05000641,Marylebone High Street,E09000033,Westminster,Inner London
16785,E00023840,E05000641,Marylebone High Street,E09000033,Westminster,Inner London
16786,E00023841,E05000641,Marylebone High Street,E09000033,Westminster,Inner London
16787,E00023842,E05000641,Marylebone High Street,E09000033,Westminster,Inner London
16788,E00023843,E05000641,Marylebone High Street,E09000033,Westminster,Inner London
16789,E00023844,E05000641,Marylebone High Street,E09000033,Westminster,Inner London
16790,E00023845,E05000641,Marylebone High Street,E09000033,Westminster,Inner London
16791,E00023847,E05000641,Marylebone High Street,E09000033,Westminster,Inner London
16792,E00023848,E05000641,Marylebone High Street,E09000033,Westminster,Inner London
16793,E00024117,E05000649,West End,E09000033,Westminster,Inner London
16794,E00024118,E05000649,West End,E09000033,Westminster,Inner London
16795,E00024135,E05000649,West End,E09000033,Westminster,Inner London
16796,E00024137,E05000649,West End,E09000033,Westminster,Inner London
16797,E00024140,E05000649,West End,E09000033,Westminster,Inner London
16798,E00175207,E05000649,West End,E09000033,Westminster,Inner London
16799,E00175218,E05000649,West End,E09000033,Westminster,Inner London
16800,E00175219,E05000649,West End,E09000033,Westminster,Inner London
16801,E00023486,E05000632,Bryanston and Dorset Square,E09000033,Westminster,Inner London
16802,E00023487,E05000632,Bryanston and Dorset Square,E09000033,Westminster,Inner London
16803,E00023488,E05000632,Bryanston and Dorset Square,E09000033,Westminster,Inner London
16804,E00023489,E05000632,Bryanston and Dorset Square,E09000033,Westminster,Inner London
16805,E00023490,E05000632,Bryanston and Dorset Square,E09000033,Westminster,Inner London
16806,E00023491,E05000632,Bryanston and Dorset Square,E09000033,Westminster,Inner London
16807,E00023492,E05000632,Bryanston and Dorset Square,E09000033,Westminster,Inner London
16808,E00023493,E05000632,Bryanston and Dorset Square,E09000033,Westminster,Inner London
16809,E00023494,E05000632,Bryanston and Dorset Square,E09000033,Westminster,Inner London
16810,E00023495,E05000632,Bryanston and Dorset Square,E09000033,Westminster,Inner London
16811,E00023496,E05000632,Bryanston and Dorset Square,E09000033,Westminster,Inner London
16812,E00023497,E05000632,Bryanston and Dorset Square,E09000033,Westminster,Inner London
16813,E00023498,E05000632,Bryanston and Dorset Square,E09000033,Westminster,Inner London
16814,E00023499,E05000632,Bryanston and Dorset Square,E09000033,Westminster,Inner London
16815,E00023500,E05000632,Bryanston and Dorset Square,E09000033,Westminster,Inner London
16816,E00023501,E05000632,Bryanston and Dorset Square,E09000033,Westminster,Inner London
16817,E00023502,E05000632,Bryanston and Dorset Square,E09000033,Westminster,Inner London
16818,E00023503,E05000632,Bryanston and Dorset Square,E09000033,Westminster,Inner London
16819,E00023504,E05000632,Bryanston and Dorset Square,E09000033,Westminster,Inner London
16820,E00023505,E05000632,Bryanston and Dorset Square,E09000033,Westminster,Inner London
16821,E00023506,E05000632,Bryanston and Dorset Square,E09000033,Westminster,Inner London
16822,E00023507,E05000632,Bryanston and Dorset Square,E09000033,Westminster,Inner London
16823,E00023508,E05000632,Bryanston and Dorset Square,E09000033,Westminster,Inner London
16824,E00023509,E05000632,Bryanston and Dorset Square,E09000033,Westminster,Inner London
16825,E00023510,E05000632,Bryanston and Dorset Square,E09000033,Westminster,Inner London
16826,E00023515,E05000632,Bryanston and Dorset Square,E09000033,Westminster,Inner London
16827,E00023523,E05000632,Bryanston and Dorset Square,E09000033,Westminster,Inner London
16828,E00023525,E05000632,Bryanston and Dorset Square,E09000033,Westminster,Inner London
16829,E00023527,E05000632,Bryanston and Dorset Square,E09000033,Westminster,Inner London
16830,E00023528,E05000632,Bryanston and Dorset Square,E09000033,Westminster,Inner London
16831,E00023529,E05000632,Bryanston and Dorset Square,E09000033,Westminster,Inner London
16832,E00023812,E05000641,Marylebone High Street,E09000033,Westminster,Inner London
16833,E00023814,E05000641,Marylebone High Street,E09000033,Westminster,Inner London
16834,E00023818,E05000641,Marylebone High Street,E09000033,Westminster,Inner London
16835,E00023824,E05000641,Marylebone High Street,E09000033,Westminster,Inner London
16836,E00023846,E05000641,Marylebone High Street,E09000033,Westminster,Inner London
16837,E00024108,E05000649,West End,E09000033,Westminster,Inner London
16838,E00024110,E05000649,West End,E09000033,Westminster,Inner London
16839,E00024112,E05000649,West End,E09000033,Westminster,Inner London
16840,E00024114,E05000649,West End,E09000033,Westminster,Inner London
16841,E00024121,E05000649,West End,E09000033,Westminster,Inner London
16842,E00024122,E05000649,West End,E09000033,Westminster,Inner London
16843,E00024123,E05000649,West End,E09000033,Westminster,Inner London
16844,E00024124,E05000649,West End,E09000033,Westminster,Inner London
16845,E00024125,E05000649,West End,E09000033,Westminster,Inner London
16846,E00024126,E05000649,West End,E09000033,Westminster,Inner London
16847,E00024127,E05000649,West End,E09000033,Westminster,Inner London
16848,E00024128,E05000649,West End,E09000033,Westminster,Inner London
16849,E00024129,E05000649,West End,E09000033,Westminster,Inner London
16850,E00024130,E05000649,West End,E09000033,Westminster,Inner London
16851,E00024133,E05000649,West End,E09000033,Westminster,Inner London
16852,E00024134,E05000649,West End,E09000033,Westminster,Inner London
16853,E00024136,E05000649,West End,E09000033,Westminster,Inner London
16854,E00024138,E05000649,West End,E09000033,Westminster,Inner London
16855,E00175189,E05000649,West End,E09000033,Westminster,Inner London
16856,E00175190,E05000649,West End,E09000033,Westminster,Inner London
16857,E00175191,E05000649,West End,E09000033,Westminster,Inner London
16858,E00175192,E05000649,West End,E09000033,Westminster,Inner London
16859,E00175193,E05000649,West End,E09000033,Westminster,Inner London
16860,E00175194,E05000649,West End,E09000033,Westminster,Inner London
16861,E00175195,E05000649,West End,E09000033,Westminster,Inner London
16862,E00175196,E05000649,West End,E09000033,Westminster,Inner London
16863,E00023450,E05000631,Bayswater,E09000033,Westminster,Inner London
16864,E00023451,E05000631,Bayswater,E09000033,Westminster,Inner London
16865,E00023454,E05000631,Bayswater,E09000033,Westminster,Inner London
16866,E00023455,E05000631,Bayswater,E09000033,Westminster,Inner London
16867,E00023456,E05000631,Bayswater,E09000033,Westminster,Inner London
16868,E00023458,E05000631,Bayswater,E09000033,Westminster,Inner London
16869,E00023459,E05000631,Bayswater,E09000033,Westminster,Inner London
16870,E00023460,E05000631,Bayswater,E09000033,Westminster,Inner London
16871,E00023461,E05000631,Bayswater,E09000033,Westminster,Inner London
16872,E00023462,E05000631,Bayswater,E09000033,Westminster,Inner London
16873,E00023464,E05000631,Bayswater,E09000033,Westminster,Inner London
16874,E00023465,E05000631,Bayswater,E09000033,Westminster,Inner London
16875,E00023466,E05000631,Bayswater,E09000033,Westminster,Inner London
16876,E00023467,E05000631,Bayswater,E09000033,Westminster,Inner London
16877,E00023468,E05000631,Bayswater,E09000033,Westminster,Inner London
16878,E00023470,E05000631,Bayswater,E09000033,Westminster,Inner London
16879,E00023471,E05000631,Bayswater,E09000033,Westminster,Inner London
16880,E00023472,E05000631,Bayswater,E09000033,Westminster,Inner London
16881,E00023475,E05000631,Bayswater,E09000033,Westminster,Inner London
16882,E00023476,E05000631,Bayswater,E09000033,Westminster,Inner London
16883,E00023477,E05000631,Bayswater,E09000033,Westminster,Inner London
16884,E00023478,E05000631,Bayswater,E09000033,Westminster,Inner London
16885,E00023479,E05000631,Bayswater,E09000033,Westminster,Inner London
16886,E00023480,E05000631,Bayswater,E09000033,Westminster,Inner London
16887,E00023481,E05000631,Bayswater,E09000033,Westminster,Inner London
16888,E00023482,E05000631,Bayswater,E09000033,Westminster,Inner London
16889,E00023483,E05000631,Bayswater,E09000033,Westminster,Inner London
16890,E00023484,E05000631,Bayswater,E09000033,Westminster,Inner London
16891,E00023485,E05000631,Bayswater,E09000033,Westminster,Inner London
16892,E00024077,E05000648,Westbourne,E09000033,Westminster,Inner London
16893,E00024083,E05000648,Westbourne,E09000033,Westminster,Inner London
16894,E00024084,E05000648,Westbourne,E09000033,Westminster,Inner London
16895,E00024085,E05000648,Westbourne,E09000033,Westminster,Inner London
16896,E00024086,E05000648,Westbourne,E09000033,Westminster,Inner London
16897,E00175185,E05000631,Bayswater,E09000033,Westminster,Inner London
16898,E00175188,E05000631,Bayswater,E09000033,Westminster,Inner London
16899,E00023617,E05000636,Hyde Park,E09000033,Westminster,Inner London
16900,E00023619,E05000636,Hyde Park,E09000033,Westminster,Inner London
16901,E00023622,E05000636,Hyde Park,E09000033,Westminster,Inner London
16902,E00023623,E05000636,Hyde Park,E09000033,Westminster,Inner London
16903,E00023624,E05000636,Hyde Park,E09000033,Westminster,Inner London
16904,E00023625,E05000636,Hyde Park,E09000033,Westminster,Inner London
16905,E00023627,E05000636,Hyde Park,E09000033,Westminster,Inner London
16906,E00023628,E05000636,Hyde Park,E09000033,Westminster,Inner London
16907,E00023629,E05000636,Hyde Park,E09000033,Westminster,Inner London
16908,E00023631,E05000636,Hyde Park,E09000033,Westminster,Inner London
16909,E00023632,E05000636,Hyde Park,E09000033,Westminster,Inner London
16910,E00023633,E05000636,Hyde Park,E09000033,Westminster,Inner London
16911,E00023634,E05000636,Hyde Park,E09000033,Westminster,Inner London
16912,E00023637,E05000636,Hyde Park,E09000033,Westminster,Inner London
16913,E00023639,E05000636,Hyde Park,E09000033,Westminster,Inner London
16914,E00023640,E05000636,Hyde Park,E09000033,Westminster,Inner London
16915,E00023641,E05000636,Hyde Park,E09000033,Westminster,Inner London
16916,E00023644,E05000636,Hyde Park,E09000033,Westminster,Inner London
16917,E00023646,E05000636,Hyde Park,E09000033,Westminster,Inner London
16918,E00023647,E05000636,Hyde Park,E09000033,Westminster,Inner London
16919,E00023648,E05000636,Hyde Park,E09000033,Westminster,Inner London
16920,E00023649,E05000636,Hyde Park,E09000033,Westminster,Inner London
16921,E00023650,E05000636,Hyde Park,E09000033,Westminster,Inner London
16922,E00023651,E05000636,Hyde Park,E09000033,Westminster,Inner London
16923,E00023652,E05000636,Hyde Park,E09000033,Westminster,Inner London
16924,E00023656,E05000636,Hyde Park,E09000033,Westminster,Inner London
16925,E00175183,E05000636,Hyde Park,E09000033,Westminster,Inner London
16926,E00175184,E05000636,Hyde Park,E09000033,Westminster,Inner London
16927,E00175186,E05000636,Hyde Park,E09000033,Westminster,Inner London
16928,E00175187,E05000636,Hyde Park,E09000033,Westminster,Inner London
16929,E00175215,E05000636,Hyde Park,E09000033,Westminster,Inner London
16930,E00175216,E05000636,Hyde Park,E09000033,Westminster,Inner London
16931,E00023618,E05000636,Hyde Park,E09000033,Westminster,Inner London
16932,E00023620,E05000636,Hyde Park,E09000033,Westminster,Inner London
16933,E00023621,E05000636,Hyde Park,E09000033,Westminster,Inner London
16934,E00023626,E05000636,Hyde Park,E09000033,Westminster,Inner London
16935,E00023630,E05000636,Hyde Park,E09000033,Westminster,Inner London
16936,E00023635,E05000636,Hyde Park,E09000033,Westminster,Inner London
16937,E00023636,E05000636,Hyde Park,E09000033,Westminster,Inner London
16938,E00023638,E05000636,Hyde Park,E09000033,Westminster,Inner London
16939,E00023643,E05000636,Hyde Park,E09000033,Westminster,Inner London
16940,E00023653,E05000636,Hyde Park,E09000033,Westminster,Inner London
16941,E00023655,E05000636,Hyde Park,E09000033,Westminster,Inner London
16942,E00023694,E05000638,Lancaster Gate,E09000033,Westminster,Inner London
16943,E00023695,E05000638,Lancaster Gate,E09000033,Westminster,Inner London
16944,E00023696,E05000638,Lancaster Gate,E09000033,Westminster,Inner London
16945,E00023699,E05000638,Lancaster Gate,E09000033,Westminster,Inner London
16946,E00023702,E05000638,Lancaster Gate,E09000033,Westminster,Inner London
16947,E00023708,E05000638,Lancaster Gate,E09000033,Westminster,Inner London
16948,E00023711,E05000638,Lancaster Gate,E09000033,Westminster,Inner London
16949,E00023712,E05000638,Lancaster Gate,E09000033,Westminster,Inner London
16950,E00023713,E05000638,Lancaster Gate,E09000033,Westminster,Inner London
16951,E00023716,E05000638,Lancaster Gate,E09000033,Westminster,Inner London
16952,E00023717,E05000638,Lancaster Gate,E09000033,Westminster,Inner London
16953,E00023718,E05000638,Lancaster Gate,E09000033,Westminster,Inner London
16954,E00023719,E05000638,Lancaster Gate,E09000033,Westminster,Inner London
16955,E00023722,E05000638,Lancaster Gate,E09000033,Westminster,Inner London
16956,E00023725,E05000638,Lancaster Gate,E09000033,Westminster,Inner London
16957,E00023726,E05000638,Lancaster Gate,E09000033,Westminster,Inner London
16958,E00023728,E05000638,Lancaster Gate,E09000033,Westminster,Inner London
16959,E00023729,E05000638,Lancaster Gate,E09000033,Westminster,Inner London
16960,E00023733,E05000638,Lancaster Gate,E09000033,Westminster,Inner London
16961,E00023734,E05000638,Lancaster Gate,E09000033,Westminster,Inner London
16962,E00175181,E05000636,Hyde Park,E09000033,Westminster,Inner London
16963,E00175182,E05000636,Hyde Park,E09000033,Westminster,Inner London
16964,E00023452,E05000631,Bayswater,E09000033,Westminster,Inner London
16965,E00023453,E05000631,Bayswater,E09000033,Westminster,Inner London
16966,E00023463,E05000631,Bayswater,E09000033,Westminster,Inner London
16967,E00023469,E05000631,Bayswater,E09000033,Westminster,Inner London
16968,E00023473,E05000631,Bayswater,E09000033,Westminster,Inner London
16969,E00023474,E05000631,Bayswater,E09000033,Westminster,Inner London
16970,E00023691,E05000638,Lancaster Gate,E09000033,Westminster,Inner London
16971,E00023692,E05000638,Lancaster Gate,E09000033,Westminster,Inner London
16972,E00023697,E05000638,Lancaster Gate,E09000033,Westminster,Inner London
16973,E00023698,E05000638,Lancaster Gate,E09000033,Westminster,Inner London
16974,E00023700,E05000638,Lancaster Gate,E09000033,Westminster,Inner London
16975,E00023701,E05000638,Lancaster Gate,E09000033,Westminster,Inner London
16976,E00023703,E05000638,Lancaster Gate,E09000033,Westminster,Inner London
16977,E00023704,E05000638,Lancaster Gate,E09000033,Westminster,Inner London
16978,E00023705,E05000638,Lancaster Gate,E09000033,Westminster,Inner London
16979,E00023706,E05000638,Lancaster Gate,E09000033,Westminster,Inner London
16980,E00023707,E05000638,Lancaster Gate,E09000033,Westminster,Inner London
16981,E00023709,E05000638,Lancaster Gate,E09000033,Westminster,Inner London
16982,E00023710,E05000638,Lancaster Gate,E09000033,Westminster,Inner London
16983,E00023714,E05000638,Lancaster Gate,E09000033,Westminster,Inner London
16984,E00023715,E05000638,Lancaster Gate,E09000033,Westminster,Inner London
16985,E00023720,E05000638,Lancaster Gate,E09000033,Westminster,Inner London
16986,E00023721,E05000638,Lancaster Gate,E09000033,Westminster,Inner London
16987,E00023723,E05000638,Lancaster Gate,E09000033,Westminster,Inner London
16988,E00023724,E05000638,Lancaster Gate,E09000033,Westminster,Inner London
16989,E00023727,E05000638,Lancaster Gate,E09000033,Westminster,Inner London
16990,E00023730,E05000638,Lancaster Gate,E09000033,Westminster,Inner London
16991,E00023731,E05000638,Lancaster Gate,E09000033,Westminster,Inner London
16992,E00023732,E05000638,Lancaster Gate,E09000033,Westminster,Inner London
16993,E00023737,E05000638,Lancaster Gate,E09000033,Westminster,Inner London
16994,E00023738,E05000638,Lancaster Gate,E09000033,Westminster,Inner London
16995,E00023739,E05000638,Lancaster Gate,E09000033,Westminster,Inner London
16996,E00023740,E05000638,Lancaster Gate,E09000033,Westminster,Inner London
16997,E00023741,E05000638,Lancaster Gate,E09000033,Westminster,Inner London
16998,E00175197,E05000638,Lancaster Gate,E09000033,Westminster,Inner London
16999,E00175198,E05000638,Lancaster Gate,E09000033,Westminster,Inner London
17000,E00175199,E05000638,Lancaster Gate,E09000033,Westminster,Inner London
17001,E00023928,E05000644,St. James's,E09000033,Westminster,Inner London
17002,E00023929,E05000644,St. James's,E09000033,Westminster,Inner London
17003,E00023930,E05000644,St. James's,E09000033,Westminster,Inner London
17004,E00023931,E05000644,St. James's,E09000033,Westminster,Inner London
17005,E00023932,E05000644,St. James's,E09000033,Westminster,Inner London
17006,E00023933,E05000644,St. James's,E09000033,Westminster,Inner London
17007,E00023934,E05000644,St. James's,E09000033,Westminster,Inner London
17008,E00023935,E05000644,St. James's,E09000033,Westminster,Inner London
17009,E00023936,E05000644,St. James's,E09000033,Westminster,Inner London
17010,E00023937,E05000644,St. James's,E09000033,Westminster,Inner London
17011,E00023938,E05000644,St. James's,E09000033,Westminster,Inner London
17012,E00023939,E05000644,St. James's,E09000033,Westminster,Inner London
17013,E00023955,E05000644,St. James's,E09000033,Westminster,Inner London
17014,E00023956,E05000644,St. James's,E09000033,Westminster,Inner London
17015,E00023957,E05000644,St. James's,E09000033,Westminster,Inner London
17016,E00023958,E05000644,St. James's,E09000033,Westminster,Inner London
17017,E00023959,E05000644,St. James's,E09000033,Westminster,Inner London
17018,E00023960,E05000644,St. James's,E09000033,Westminster,Inner London
17019,E00024109,E05000649,West End,E09000033,Westminster,Inner London
17020,E00024113,E05000649,West End,E09000033,Westminster,Inner London
17021,E00024115,E05000649,West End,E09000033,Westminster,Inner London
17022,E00024116,E05000649,West End,E09000033,Westminster,Inner London
17023,E00024119,E05000649,West End,E09000033,Westminster,Inner London
17024,E00175212,E05000649,West End,E09000033,Westminster,Inner London
17025,E00175213,E05000649,West End,E09000033,Westminster,Inner London
17026,E00175214,E05000649,West End,E09000033,Westminster,Inner London
17027,E00023657,E05000637,Knightsbridge and Belgravia,E09000033,Westminster,Inner London
17028,E00023658,E05000637,Knightsbridge and Belgravia,E09000033,Westminster,Inner London
17029,E00023659,E05000637,Knightsbridge and Belgravia,E09000033,Westminster,Inner London
17030,E00023660,E05000637,Knightsbridge and Belgravia,E09000033,Westminster,Inner London
17031,E00023661,E05000637,Knightsbridge and Belgravia,E09000033,Westminster,Inner London
17032,E00023662,E05000637,Knightsbridge and Belgravia,E09000033,Westminster,Inner London
17033,E00023663,E05000637,Knightsbridge and Belgravia,E09000033,Westminster,Inner London
17034,E00023664,E05000637,Knightsbridge and Belgravia,E09000033,Westminster,Inner London
17035,E00023665,E05000637,Knightsbridge and Belgravia,E09000033,Westminster,Inner London
17036,E00023666,E05000637,Knightsbridge and Belgravia,E09000033,Westminster,Inner London
17037,E00023668,E05000637,Knightsbridge and Belgravia,E09000033,Westminster,Inner London
17038,E00023669,E05000637,Knightsbridge and Belgravia,E09000033,Westminster,Inner London
17039,E00023670,E05000637,Knightsbridge and Belgravia,E09000033,Westminster,Inner London
17040,E00023671,E05000637,Knightsbridge and Belgravia,E09000033,Westminster,Inner London
17041,E00023672,E05000637,Knightsbridge and Belgravia,E09000033,Westminster,Inner London
17042,E00023674,E05000637,Knightsbridge and Belgravia,E09000033,Westminster,Inner London
17043,E00023675,E05000637,Knightsbridge and Belgravia,E09000033,Westminster,Inner London
17044,E00023676,E05000637,Knightsbridge and Belgravia,E09000033,Westminster,Inner London
17045,E00023678,E05000637,Knightsbridge and Belgravia,E09000033,Westminster,Inner London
17046,E00023679,E05000637,Knightsbridge and Belgravia,E09000033,Westminster,Inner London
17047,E00023680,E05000637,Knightsbridge and Belgravia,E09000033,Westminster,Inner London
17048,E00023681,E05000637,Knightsbridge and Belgravia,E09000033,Westminster,Inner London
17049,E00023682,E05000637,Knightsbridge and Belgravia,E09000033,Westminster,Inner London
17050,E00023684,E05000637,Knightsbridge and Belgravia,E09000033,Westminster,Inner London
17051,E00023685,E05000637,Knightsbridge and Belgravia,E09000033,Westminster,Inner London
17052,E00023686,E05000637,Knightsbridge and Belgravia,E09000033,Westminster,Inner London
17053,E00023687,E05000637,Knightsbridge and Belgravia,E09000033,Westminster,Inner London
17054,E00023688,E05000637,Knightsbridge and Belgravia,E09000033,Westminster,Inner London
17055,E00023689,E05000637,Knightsbridge and Belgravia,E09000033,Westminster,Inner London
17056,E00023690,E05000637,Knightsbridge and Belgravia,E09000033,Westminster,Inner London
17057,E00175204,E05000637,Knightsbridge and Belgravia,E09000033,Westminster,Inner London
17058,E00175205,E05000637,Knightsbridge and Belgravia,E09000033,Westminster,Inner London
17059,E00175206,E05000637,Knightsbridge and Belgravia,E09000033,Westminster,Inner London
17060,E00175208,E05000637,Knightsbridge and Belgravia,E09000033,Westminster,Inner London
17061,E00175250,E05000637,Knightsbridge and Belgravia,E09000033,Westminster,Inner London
17062,E00023926,E05000644,St. James's,E09000033,Westminster,Inner London
17063,E00023927,E05000644,St. James's,E09000033,Westminster,Inner London
17064,E00023941,E05000644,St. James's,E09000033,Westminster,Inner London
17065,E00023942,E05000644,St. James's,E09000033,Westminster,Inner London
17066,E00023943,E05000644,St. James's,E09000033,Westminster,Inner London
17067,E00023944,E05000644,St. James's,E09000033,Westminster,Inner London
17068,E00023945,E05000644,St. James's,E09000033,Westminster,Inner London
17069,E00023946,E05000644,St. James's,E09000033,Westminster,Inner London
17070,E00023947,E05000644,St. James's,E09000033,Westminster,Inner London
17071,E00023948,E05000644,St. James's,E09000033,Westminster,Inner London
17072,E00023949,E05000644,St. James's,E09000033,Westminster,Inner London
17073,E00023950,E05000644,St. James's,E09000033,Westminster,Inner London
17074,E00023951,E05000644,St. James's,E09000033,Westminster,Inner London
17075,E00023953,E05000644,St. James's,E09000033,Westminster,Inner London
17076,E00023954,E05000644,St. James's,E09000033,Westminster,Inner London
17077,E00024004,E05000646,Vincent Square,E09000033,Westminster,Inner London
17078,E00024005,E05000646,Vincent Square,E09000033,Westminster,Inner London
17079,E00024006,E05000646,Vincent Square,E09000033,Westminster,Inner London
17080,E00024007,E05000646,Vincent Square,E09000033,Westminster,Inner London
17081,E00024008,E05000646,Vincent Square,E09000033,Westminster,Inner London
17082,E00024013,E05000646,Vincent Square,E09000033,Westminster,Inner London
17083,E00024014,E05000646,Vincent Square,E09000033,Westminster,Inner London
17084,E00024031,E05000646,Vincent Square,E09000033,Westminster,Inner London
17085,E00024032,E05000646,Vincent Square,E09000033,Westminster,Inner London
17086,E00024033,E05000646,Vincent Square,E09000033,Westminster,Inner London
17087,E00024034,E05000646,Vincent Square,E09000033,Westminster,Inner London
17088,E00175226,E05000644,St. James's,E09000033,Westminster,Inner London
17089,E00175227,E05000644,St. James's,E09000033,Westminster,Inner London
17090,E00175228,E05000644,St. James's,E09000033,Westminster,Inner London
17091,E00175229,E05000644,St. James's,E09000033,Westminster,Inner London
17092,E00175248,E05000644,St. James's,E09000033,Westminster,Inner London
17093,E00175249,E05000644,St. James's,E09000033,Westminster,Inner London
17094,E00023985,E05000645,Tachbrook,E09000033,Westminster,Inner London
17095,E00023986,E05000645,Tachbrook,E09000033,Westminster,Inner London
17096,E00023987,E05000645,Tachbrook,E09000033,Westminster,Inner London
17097,E00023988,E05000645,Tachbrook,E09000033,Westminster,Inner London
17098,E00023989,E05000645,Tachbrook,E09000033,Westminster,Inner London
17099,E00023990,E05000645,Tachbrook,E09000033,Westminster,Inner London
17100,E00023992,E05000645,Tachbrook,E09000033,Westminster,Inner London
17101,E00024001,E05000646,Vincent Square,E09000033,Westminster,Inner London
17102,E00024002,E05000646,Vincent Square,E09000033,Westminster,Inner London
17103,E00024009,E05000646,Vincent Square,E09000033,Westminster,Inner London
17104,E00024010,E05000646,Vincent Square,E09000033,Westminster,Inner London
17105,E00024011,E05000646,Vincent Square,E09000033,Westminster,Inner London
17106,E00024012,E05000646,Vincent Square,E09000033,Westminster,Inner London
17107,E00024016,E05000646,Vincent Square,E09000033,Westminster,Inner London
17108,E00024017,E05000646,Vincent Square,E09000033,Westminster,Inner London
17109,E00024018,E05000646,Vincent Square,E09000033,Westminster,Inner London
17110,E00024019,E05000646,Vincent Square,E09000033,Westminster,Inner London
17111,E00024020,E05000646,Vincent Square,E09000033,Westminster,Inner London
17112,E00024021,E05000646,Vincent Square,E09000033,Westminster,Inner London
17113,E00024022,E05000646,Vincent Square,E09000033,Westminster,Inner London
17114,E00024023,E05000646,Vincent Square,E09000033,Westminster,Inner London
17115,E00024024,E05000646,Vincent Square,E09000033,Westminster,Inner London
17116,E00024025,E05000646,Vincent Square,E09000033,Westminster,Inner London
17117,E00024026,E05000646,Vincent Square,E09000033,Westminster,Inner London
17118,E00024028,E05000646,Vincent Square,E09000033,Westminster,Inner London
17119,E00024029,E05000646,Vincent Square,E09000033,Westminster,Inner London
17120,E00024030,E05000646,Vincent Square,E09000033,Westminster,Inner London
17121,E00175251,E05000646,Vincent Square,E09000033,Westminster,Inner London
17122,E00175252,E05000646,Vincent Square,E09000033,Westminster,Inner London
17123,E00175253,E05000646,Vincent Square,E09000033,Westminster,Inner London
17124,E00175254,E05000646,Vincent Square,E09000033,Westminster,Inner London
17125,E00175255,E05000646,Vincent Square,E09000033,Westminster,Inner London
17126,E00175256,E05000646,Vincent Square,E09000033,Westminster,Inner London
17127,E00175257,E05000646,Vincent Square,E09000033,Westminster,Inner London
17128,E00023967,E05000645,Tachbrook,E09000033,Westminster,Inner London
17129,E00023968,E05000645,Tachbrook,E09000033,Westminster,Inner London
17130,E00023969,E05000645,Tachbrook,E09000033,Westminster,Inner London
17131,E00023991,E05000645,Tachbrook,E09000033,Westminster,Inner London
17132,E00023996,E05000645,Tachbrook,E09000033,Westminster,Inner London
17133,E00023997,E05000645,Tachbrook,E09000033,Westminster,Inner London
17134,E00023998,E05000645,Tachbrook,E09000033,Westminster,Inner London
17135,E00024036,E05000647,Warwick,E09000033,Westminster,Inner London
17136,E00024037,E05000647,Warwick,E09000033,Westminster,Inner London
17137,E00024038,E05000647,Warwick,E09000033,Westminster,Inner London
17138,E00024039,E05000647,Warwick,E09000033,Westminster,Inner London
17139,E00024040,E05000647,Warwick,E09000033,Westminster,Inner London
17140,E00024041,E05000647,Warwick,E09000033,Westminster,Inner London
17141,E00024042,E05000647,Warwick,E09000033,Westminster,Inner London
17142,E00024043,E05000647,Warwick,E09000033,Westminster,Inner London
17143,E00024044,E05000647,Warwick,E09000033,Westminster,Inner London
17144,E00024045,E05000647,Warwick,E09000033,Westminster,Inner London
17145,E00024046,E05000647,Warwick,E09000033,Westminster,Inner London
17146,E00024047,E05000647,Warwick,E09000033,Westminster,Inner London
17147,E00024052,E05000647,Warwick,E09000033,Westminster,Inner London
17148,E00024053,E05000647,Warwick,E09000033,Westminster,Inner London
17149,E00024055,E05000647,Warwick,E09000033,Westminster,Inner London
17150,E00024056,E05000647,Warwick,E09000033,Westminster,Inner London
17151,E00024057,E05000647,Warwick,E09000033,Westminster,Inner London
17152,E00024058,E05000647,Warwick,E09000033,Westminster,Inner London
17153,E00024059,E05000647,Warwick,E09000033,Westminster,Inner London
17154,E00024060,E05000647,Warwick,E09000033,Westminster,Inner London
17155,E00024062,E05000647,Warwick,E09000033,Westminster,Inner London
17156,E00024063,E05000647,Warwick,E09000033,Westminster,Inner London
17157,E00024064,E05000647,Warwick,E09000033,Westminster,Inner London
17158,E00024065,E05000647,Warwick,E09000033,Westminster,Inner London
17159,E00024066,E05000647,Warwick,E09000033,Westminster,Inner London
17160,E00024067,E05000647,Warwick,E09000033,Westminster,Inner London
17161,E00024068,E05000647,Warwick,E09000033,Westminster,Inner London
17162,E00024069,E05000647,Warwick,E09000033,Westminster,Inner London
17163,E00024071,E05000647,Warwick,E09000033,Westminster,Inner London
17164,E00175180,E05000647,Warwick,E09000033,Westminster,Inner London
17165,E00175222,E05000645,Tachbrook,E09000033,Westminster,Inner London
17166,E00175239,E05000647,Warwick,E09000033,Westminster,Inner London
17167,E00175240,E05000647,Warwick,E09000033,Westminster,Inner London
17168,E00175241,E05000647,Warwick,E09000033,Westminster,Inner London
17169,E00023530,E05000633,Churchill,E09000033,Westminster,Inner London
17170,E00023531,E05000633,Churchill,E09000033,Westminster,Inner London
17171,E00023532,E05000633,Churchill,E09000033,Westminster,Inner London
17172,E00023533,E05000633,Churchill,E09000033,Westminster,Inner London
17173,E00023534,E05000633,Churchill,E09000033,Westminster,Inner London
17174,E00023535,E05000633,Churchill,E09000033,Westminster,Inner London
17175,E00023536,E05000633,Churchill,E09000033,Westminster,Inner London
17176,E00023537,E05000633,Churchill,E09000033,Westminster,Inner London
17177,E00023539,E05000633,Churchill,E09000033,Westminster,Inner London
17178,E00023541,E05000633,Churchill,E09000033,Westminster,Inner London
17179,E00023545,E05000633,Churchill,E09000033,Westminster,Inner London
17180,E00023546,E05000633,Churchill,E09000033,Westminster,Inner London
17181,E00023547,E05000633,Churchill,E09000033,Westminster,Inner London
17182,E00023548,E05000633,Churchill,E09000033,Westminster,Inner London
17183,E00023550,E05000633,Churchill,E09000033,Westminster,Inner London
17184,E00023557,E05000633,Churchill,E09000033,Westminster,Inner London
17185,E00023558,E05000633,Churchill,E09000033,Westminster,Inner London
17186,E00023559,E05000633,Churchill,E09000033,Westminster,Inner London
17187,E00023560,E05000633,Churchill,E09000033,Westminster,Inner London
17188,E00023561,E05000633,Churchill,E09000033,Westminster,Inner London
17189,E00023562,E05000633,Churchill,E09000033,Westminster,Inner London
17190,E00024048,E05000647,Warwick,E09000033,Westminster,Inner London
17191,E00024050,E05000647,Warwick,E09000033,Westminster,Inner London
17192,E00024051,E05000647,Warwick,E09000033,Westminster,Inner London
17193,E00024054,E05000647,Warwick,E09000033,Westminster,Inner London
17194,E00024061,E05000647,Warwick,E09000033,Westminster,Inner London
17195,E00024070,E05000647,Warwick,E09000033,Westminster,Inner London
17196,E00175209,E05000647,Warwick,E09000033,Westminster,Inner London
17197,E00175217,E05000633,Churchill,E09000033,Westminster,Inner London
17198,E00175223,E05000633,Churchill,E09000033,Westminster,Inner London
17199,E00175230,E05000633,Churchill,E09000033,Westminster,Inner London
17200,E00175231,E05000633,Churchill,E09000033,Westminster,Inner London
17201,E00175278,E05000647,Warwick,E09000033,Westminster,Inner London
17202,E00023538,E05000633,Churchill,E09000033,Westminster,Inner London
17203,E00023540,E05000633,Churchill,E09000033,Westminster,Inner London
17204,E00023542,E05000633,Churchill,E09000033,Westminster,Inner London
17205,E00023543,E05000633,Churchill,E09000033,Westminster,Inner London
17206,E00023544,E05000633,Churchill,E09000033,Westminster,Inner London
17207,E00023549,E05000633,Churchill,E09000033,Westminster,Inner London
17208,E00023551,E05000633,Churchill,E09000033,Westminster,Inner London
17209,E00023552,E05000633,Churchill,E09000033,Westminster,Inner London
17210,E00023554,E05000633,Churchill,E09000033,Westminster,Inner London
17211,E00023555,E05000633,Churchill,E09000033,Westminster,Inner London
17212,E00023556,E05000633,Churchill,E09000033,Westminster,Inner London
17213,E00023963,E05000645,Tachbrook,E09000033,Westminster,Inner London
17214,E00023964,E05000645,Tachbrook,E09000033,Westminster,Inner London
17215,E00023965,E05000645,Tachbrook,E09000033,Westminster,Inner London
17216,E00023966,E05000645,Tachbrook,E09000033,Westminster,Inner London
17217,E00023971,E05000645,Tachbrook,E09000033,Westminster,Inner London
17218,E00023972,E05000645,Tachbrook,E09000033,Westminster,Inner London
17219,E00023973,E05000645,Tachbrook,E09000033,Westminster,Inner London
17220,E00023974,E05000645,Tachbrook,E09000033,Westminster,Inner London
17221,E00023975,E05000645,Tachbrook,E09000033,Westminster,Inner London
17222,E00023976,E05000645,Tachbrook,E09000033,Westminster,Inner London
17223,E00023977,E05000645,Tachbrook,E09000033,Westminster,Inner London
17224,E00023978,E05000645,Tachbrook,E09000033,Westminster,Inner London
17225,E00023979,E05000645,Tachbrook,E09000033,Westminster,Inner London
17226,E00023980,E05000645,Tachbrook,E09000033,Westminster,Inner London
17227,E00023981,E05000645,Tachbrook,E09000033,Westminster,Inner London
17228,E00023982,E05000645,Tachbrook,E09000033,Westminster,Inner London
17229,E00023993,E05000645,Tachbrook,E09000033,Westminster,Inner London
17230,E00023994,E05000645,Tachbrook,E09000033,Westminster,Inner London
17231,E00023995,E05000645,Tachbrook,E09000033,Westminster,Inner London
17232,E00023999,E05000645,Tachbrook,E09000033,Westminster,Inner London
17233,E00175202,E05000645,Tachbrook,E09000033,Westminster,Inner London
17234,E00175203,E05000645,Tachbrook,E09000033,Westminster,Inner London
17235,E00175224,E05000645,Tachbrook,E09000033,Westminster,Inner London
17236,E00175225,E05000645,Tachbrook,E09000033,Westminster,Inner London
17237,E00175258,E05000645,Tachbrook,E09000033,Westminster,Inner London
